code,barcode
A.0001,CACATGACTG
A.0001,CTTCATTAGA
A.0001,CTACGTCTAA
A.0001,CCTGGGAGGC
A.0002,ACGTATAGGC
A.0003,CGTGCTTTTG
A.0004,GCGAGAGTGC
A.0005,GATCAGTCTT
A.0006,CCTTTGTCCT
A.0007,ACGAACCGTG
A.0008,GGCTCAGGCC
A.0009,CGGCCGGCAA
A.0010,AACTTAACGA
A.0011,CGAGATGCCT
A.0012,CGCTATTCCT
A.0013,GAACAACATG
A.0014,TTCTGATGGA
A.0015,AGTAAGTCGT
A.0016,ATCGGAGCTA
A.0017,ATGAGGGAAA
A.0018,TCTCAACCCC
A.0019,GCTTTTCATA
A.0020,CCCCACGATG
A.0021,GAATTGCAGC
A.0022,CTGGGTGGCA
A.0023,GTCTTAGAGG
A.0024,TAAGTCGTTT
A.0025,ATTTTGGAAG
A.0026,GCTCCGACGC
A.0027,CGCTAATCAC
A.0028,GGAATAACGC
A.0029,TCTCGACCTT
A.0030,CCTGCTTATT
A.0031,ATTGCCGGGT
A.0032,TGCTATTTAC
A.0033,TTAGTCGCGC
A.0034,TCCACCAAAC
A.0035,CCGAGCAGGT
A.0036,ACGTTAGCGC
A.0037,CAGCAAGTTT
A.0038,ACAAACTGAT
A.0039,CAACGTAGTA
A.0040,CCCGGGGAGT
A.0041,CAGAGCCTAT
A.0042,CCAGGCAGCA
A.0043,ACGCTGAAAG
A.0044,TGACATTGTC
A.0045,ACACTCTGAG
A.0046,GGTTGGACAC
A.0047,ATTGCGACGT
A.0048,TGGGGGCGGT
A.0049,CATGAGCAGG
A.0050,GGACCGGAAT
A.0051,CTAACTGTAA
A.0052,TCACGTCTGC
A.0053,AATCAACATC
A.0054,CTGTGGATGA
A.0055,TTGTGGGGCA
A.0056,CCAGCACGGT
A.0057,TCTCTACTGT
A.0058,GAGAATGCAC
A.0059,CTGTTGTCGA
A.0060,ACGCAAACGA
A.0061,AGGTCGCACC
A.0062,CTTATCAGTT
A.0063,CCATTGCGTT
A.0064,CCTCGGATTG
A.0065,ACGCGAGCGG
A.0066,TTACGCTGAT
A.0067,ATGGGCCGTC
A.0068,ATTAAATGTA
A.0069,CTACCCGAAG
A.0070,TGACCACCAG
A.0071,AACTATAACT
A.0072,GATTAGCACA
A.0073,ATAAGTGTGA
A.0074,GAAGTACCTG
A.0075,GGGATCGCGT
A.0076,TTTTTATCTA
A.0077,TTGATACAAG
A.0078,AAGGAACGGA
A.0079,GATCTACTGC
A.0080,TTCGAGGTTA
A.0081,TATGCATACA
A.0082,TCAAGTCTTA
A.0083,CAAGGATCTT
A.0084,TTAGGCTTTG
A.0085,CCGGGTTTCC
A.0086,CAAATGGTCT
A.0087,CCGCATGATC
A.0088,GTAGCTTAAT
A.0089,CTTTTTCCGT
A.0090,TTGTAACAGG
A.0091,AAATCAAGTG
A.0092,GGCGTCATAG
A.0093,CACTGTTCCC
A.0094,AGCCTGCAAA
A.0095,TCCGTCATCG
A.0096,GTGGTTGCAC
A.0097,GGACGAGGGG
A.0098,TGTTAGTCTT
A.0099,GGTGTAGCGA
A.0100,GTTAACGCAC
A.0101,TCGTCAACCA
A.0102,AAGGATAGCT
A.0103,GAACTGAGTG
A.0104,ATATATAAGA
A.0105,AGGACCCATC
A.0106,TCGGCCAGTC
A.0107,GGTTCTCGAA
A.0108,AGGACAAACG
A.0109,ACCGCCCCAA
A.0110,CTCATTAGGC
A.0111,CGGACGTTTA
A.0112,TAAGTCAGTA
A.0113,GTGCCTTCCA
A.0114,ATTTAAGTTG
A.0115,GCCCCCGGGG
A.0116,GCGGCCGACT
A.0117,TAGGGGGGCC
A.0118,TATTTTATAA
A.0119,TCAATTTCTT
A.0120,TTCCCAAGTG
A.0121,TATTCGATAC
A.0122,CTCAGCTGGC
A.0123,CATCTAAATT
A.0124,CAGGAACATG
A.0125,GTGCAGCCTG
A.0126,CCAAAGGGGC
A.0127,TCGAGCGATC
A.0128,GTGACCCCTC
A.0129,CAATACATGC
A.0130,CGCAGTGCTA
A.0131,TATGGGGAGT
A.0132,GAGTGAACGT
A.0133,ATTATGCACG
A.0134,ACTTGGACAG
A.0135,AGCTTAGGTC
A.0136,GGAACGCATA
A.0137,CGCAGATCAA
A.0138,ACCTTGCGGA
A.0139,TAGAGATATT
A.0140,ACACCGCCAT
A.0141,ACTGTCAAGT
A.0142,GCGCACTGGG
A.0143,GAGTCAAAAT
A.0144,GAATTTCCCT
A.0145,CAATTTATGT
A.0146,GTTTAGACTA
A.0147,GGAAGTTAAT
A.0148,TACTATATTG
A.0149,CAAGCTCATT
A.0150,GTGGACTCCT
A.0151,AGTATTTTCA
A.0152,CCTTTACATT
A.0153,TAGGCGGGAT
A.0154,TCGAAATATC
A.0155,ACGCGTATGC
A.0156,AGCCCGCCGT
A.0157,GCTACGTGGA
A.0158,CCATTGGTGC
A.0159,GTTCGTGATA
A.0160,CGTGGCAGCT
A.0161,CCCTGGAGTG
A.0162,CTGGAGGTCA
A.0163,GTATGCCAGG
A.0164,CATTGCCTAG
A.0165,ACCACTCCCC
A.0166,GACCTGGTAA
A.0167,TCCATACCTC
A.0168,CCTTCAGCTT
A.0169,TAATAAGAGC
A.0170,TAGGGAGCGA
A.0171,CACTGATGCA
A.0172,CAGTAGTCCG
A.0173,ACAGTTAGTA
A.0174,GTCTCGGCCA
A.0175,TGAATCCTGG
A.0176,CTCCCGAGTT
A.0177,CAACAGCGTT
A.0178,CGAAGGGCCC
A.0179,GGGTAATTTC
A.0180,CATAATGATG
A.0181,AGCAGTGCAC
A.0182,AAAGGCTGGA
A.0183,TCGCCATATA
A.0184,AACGTCCAGT
A.0185,AAGCCAAGGT
A.0186,TCCAGGATCA
A.0187,CCCCGTGTAG
A.0188,ACCTCCCGAC
A.0189,TCCTAACACT
A.0190,ACACAAGATG
A.0191,ATCATAGCAG
A.0192,TCCAGATGCG
A.0193,AAGAGGAAGG
A.0194,GACGCCTTCA
A.0195,GTATTGAAAG
A.0196,TGACCCACGT
A.0197,ATACCAAGGG
A.0198,GGCGGAGGAG
A.0199,ATAAGCCAAG
A.0200,GGTCTATTTA
A.0201,GATCAAACTC
A.0202,ATGGGTGTTC
A.0203,TAGATTAGAC
A.0204,GCCTCACGAG
A.0205,CCGTGTACCA
A.0206,TTAAGTCCTG
A.0207,ATCGTCCCCC
A.0208,ATGGCGGTCT
A.0209,TTAAACGGTT
A.0210,TACTCCGAAA
A.0211,CGCACTGACG
A.0212,GCTGCGGAGA
A.0213,CTTGTCCCTC
A.0214,AGACTGTGCC
A.0215,ACCTTGACCG
A.0216,CCGTGTTGAT
A.0217,TTATTTCTGA
A.0218,ACGGAGGGCT
A.0219,TTCCTTGGTT
A.0220,CGCGACTGCT
A.0221,GCTGCCCAAG
A.0222,CGGCCACTGT
A.0223,GTAGGAATCG
A.0224,CACAGACGCC
A.0225,AATACTCGCT
A.0226,GACAAACTCA
A.0227,CCAAGAGGAA
A.0228,TCATCCTCAC
A.0229,TAGACAGTTG
A.0230,CATTCGCCTT
A.0231,ACTAATTTCC
A.0232,AACATACGGG
A.0233,TAATGGATTG
A.0234,GGATAGGACC
A.0235,GCTGCAATTG
A.0236,AATCCTGTAT
A.0237,ACTCATCGGT
A.0238,TAAATCTACC
A.0239,GTAATGATTG
A.0240,CAATGGCCAC
A.0241,TATAATAACT
A.0242,AGTTCATCAG
A.0243,GTTGCCAACC
A.0244,CCTCCAATGA
A.0245,CAGTATCAGG
A.0246,TCCTCTTACA
A.0247,TTAGCAACCC
A.0248,GCAACGGACC
A.0249,CATCACTATG
A.0250,CTTGGCCGGG
A.0251,ATGATGTGTG
A.0252,TGATGTACTT
A.0253,AGCTACGTTC
A.0254,CGGTGTTCGT
A.0255,CAGCTGGAAG
A.0256,CGTATTGTAA
A.0257,AGTACACCTA
A.0258,ATACTCGTAC
A.0259,CCAGTCGAAA
A.0260,CCTCGGGGGG
A.0261,GTCTGCGGAT
A.0262,AGTAATGTTA
A.0263,GTTCGGGCGT
A.0264,TTCTTATGAC
A.0265,TTTGACTCTC
A.0266,TATTATGTGA
A.0267,TACGTCAAAG
A.0268,TACTGAACAA
A.0269,CGTAGTCTCT
A.0270,GGCGCTCCTG
A.0271,TGATCTAGAA
A.0272,ATACATGCGG
A.0273,GCTGTCCCTG
A.0274,TTTATGACCT
A.0275,TCATTATAAG
A.0276,CCAATCGCTT
A.0277,TCGATGGAGG
A.0278,CACCTGTTGG
A.0279,AGGTTATCGG
A.0280,TGAGGAAACC
A.0281,ATTCACTTGG
A.0282,AGGGCATGCG
A.0283,GATCTCGTAG
A.0284,AAGGCGAGAA
A.0285,GCTATATCGG
A.0286,CCCGTAACCC
A.0287,ACAGTCATGG
A.0288,CAGTCTATCT
A.0289,ACTCCAGCAA
A.0290,TCATAACCTC
A.0291,GTAAGGGCGC
A.0292,GAAGGTATGC
A.0293,GCTAGGAGCG
A.0294,AGTTGCCCCG
A.0295,CGTGTAAAAT
A.0296,TAGTAGATCT
A.0297,GCTGAAGGCT
A.0298,TACAGAACTC
A.0299,GGAACCTTTC
A.0300,AGTCACGTTT
A.0301,CGAAATGCTC
A.0302,TCGATCCGGA
A.0303,TTTACTTAAT
A.0304,ATGTTCCGTA
A.0305,AACAAAATTG
A.0306,TGTGCGTTCA
A.0307,GATGGATTCA
A.0308,AATTCGACCC
A.0309,TATTCCCAGA
A.0310,ATTGAAGTCT
A.0311,TTAGTTTTGC
A.0312,TCCCACGCTA
A.0313,CAGGACAGCC
A.0314,ATACCTCAAA
A.0315,TCTTCGGTGG
A.0316,TACGCCGTGA
A.0317,AGATCAGAGT
A.0318,TATCCAGATA
A.0319,GAGAATAGAA
A.0320,GGATGTGGCT
A.0321,GTTGTTAATG
A.0322,AAAGTAAAAC
A.0323,GCCGTCGAGG
A.0324,ACAAGCCTAC
A.0325,GGGGCATCCC
A.0326,GCGTCTAGAA
A.0327,TTGTGATAGC
A.0328,GTTTCAGCAT
A.0329,AGATTGCCAC
A.0330,TTTAATGTTG
A.0331,TCGGAGTATA
A.0332,CGTTTTACAG
A.0333,TGTAGATATG
A.0334,CTGCATTCTA
A.0335,CAGGCAGGAA
A.0336,TTCCCTCCGG
A.0337,TCGAAATTAA
A.0338,ACGGGAAAAG
A.0339,GTAACACGGT
A.0340,TGCCACAAAT
A.0341,GTTCCTCTCA
A.0342,AGGCGTCGTC
A.0343,ACTACTAATT
A.0344,AGCTCTCAGT
A.0345,AATCACTTCA
A.0346,CCCATCATCT
A.0347,TAGCGGAGTC
A.0348,GACCATTTAA
A.0349,TCGCGCTGAC
A.0350,TTGTAGCATC
A.0351,GGTTACCACC
A.0352,GGGATTATGA
A.0353,CACTAGAGGA
A.0354,TTGGGTCTAA
A.0355,TTTTGTGTAA
A.0356,TCGGCATCAG
A.0357,CCAATTAAAT
A.0358,TCAGCTGTAA
A.0359,CTCTTTGGGA
A.0360,CCATCTGGAG
A.0361,GGTCTTTTGT
A.0362,ATTGGCACAG
A.0363,ACGGGAAGTA
A.0364,TAAAAACGGC
A.0365,GACGGAATCC
A.0366,TATTGCGCGG
A.0367,ATCCGGTATA
A.0368,AGAATAGGGA
A.0369,CTGTGAAACA
A.0370,CCATGCCGAA
A.0371,TGACCGCGCA
A.0372,GATCAATTAT
A.0373,CCGAACTAAG
A.0374,ATCCACATGT
A.0375,TGGACTAAAA
A.0376,CAAGTAACAA
A.0377,GATGAACCGA
A.0378,CGAGTTTAAC
A.0379,CTCGCCAAGA
A.0380,GACGATGGGT
A.0381,GCGCGTCATA
A.0382,GTTCTGGGGG
A.0383,CACCTCTACC
A.0384,CTGTTCCAGC
A.0385,GGAATGCTCA
A.0386,AGTATATAAC
A.0387,TAGTCCGGCC
A.0388,ATTATTGGCC
A.0389,TTATGGTCTT
A.0390,ATTTGAAGTT
A.0391,CTAAATGATT
A.0392,TATATGGTGC
A.0393,CACTCAGAAC
A.0394,TCGCAATTTT
A.0395,AGAGTGGCAT
A.0396,GGCAAAGAGC
A.0397,CGAGCTAGAT
A.0398,GTTGTCCGGT
A.0399,GGGCACGAGC
A.0400,CAGGCTCCCA
A.0401,AATATAAGGC
A.0402,GTCCGCTAGA
A.0403,CTTTAGAGTT
A.0404,ATATAATAAT
A.0405,TACACAATCT
A.0406,GTAAAATTGG
A.0407,GTGACCGGGA
A.0408,CTCGGAGCAC
A.0409,GACAATGTTG
A.0410,AATCGAGCAG
A.0411,TCATGGACGA
A.0412,CGCCTTGTTA
A.0413,TCTGGAACGC
A.0414,ATCTCATGAA
A.0415,GTCTGCTTCG
A.0416,AGTTTCAACT
A.0417,GGCAGGATAT
A.0418,GTGGTACGCT
A.0419,ACAGATTCAA
A.0420,TTATAGATTC
A.0421,ATCTGGTTAG
A.0422,TGTCATCTAC
A.0423,GTCACTAGCA
A.0424,AAGTAGGCGT
A.0425,TGCAGTATCC
A.0426,CCGAAGTGGG
A.0427,ATCGATCCGA
A.0428,ATGACACGTT
A.0429,GAGTGTCCAG
A.0430,TGTGATCGCG
A.0431,TATGTCGATG
A.0432,ACAGAGGAGC
A.0433,AAATCCATCT
A.0434,GGACCTTGAG
A.0435,CATGGAGAGG
A.0436,CATGCGTGGA
A.0437,GCCACACCGG
A.0438,TCTGTCCAAT
A.0439,AAGTGGACGA
A.0440,AATTGATACA
A.0441,ATGTTGATGG
A.0442,CTGGCGTGAC
A.0443,CCGATTCACC
A.0444,GAGGGCCTAC
A.0445,TCTACGATTA
A.0446,ACGGTCAACG
A.0447,TGGGTCTATC
A.0448,GCGATTTGTT
A.0449,AGACCTATTT
A.0450,TCTTTATGCG
A.0451,CAGGGTCAAT
A.0452,GGTCCTACAC
A.0453,GGCATTGAAA
A.0454,CCGTCTTGTC
A.0455,ATGGTCTACC
A.0456,ATAGTTCTCC
A.0457,TGCGAAACAC
A.0458,TGGAGAGCTG
A.0459,TGCTCGGGAC
A.0460,ATCACGCTTC
A.0461,ATCGGAAGAG
A.0462,CGAGCGGTCA
A.0463,GCCTCAGTTA
A.0464,ACCCTGAGGT
A.0465,TGTCCGAATA
A.0466,TAAACAATTC
A.0467,GGCCGGCGTT
A.0468,GTTAAGATGG
A.0469,TTGACGCACT
A.0470,GAATGAACAG
A.0471,GGGGCGAACA
A.0472,CTTAATGTCT
A.0473,ATACATCCAT
A.0474,ACATGAGAGA
A.0475,GGTGGTAGTC
A.0476,TTGGGCACAA
A.0477,GCGTACTTAC
A.0478,TCTGTTATGT
A.0479,GCGAGTTCTA
A.0480,CTAAGCGGCA
A.0481,TGCGTGACTT
A.0482,GATGCTCGAC
A.0483,CGAAACACGG
A.0484,TTTAGTGGCG
A.0485,TTAGTCTCTA
A.0486,CATATCAGAC
A.0487,CAGCTTCACT
A.0488,GTTAAGTGAA
A.0489,ACTAGTGCCA
A.0490,AGTAGAGGAC
A.0491,CCTTCGACAT
A.0492,GATTTAGCAC
A.0493,CGTGTACAGG
A.0494,GGATCGCCCC
A.0495,GGTTGCGGAA
A.0496,TCACGACACA
A.0497,TATCTTGTCA
A.0498,CACGACTGAC
A.0499,GCTATTGTGG
A.0500,TGCTGACGAA
A.0501,TCGACCTATT
A.0502,GCATATCCCA
A.0503,GTCGGGCAAG
A.0504,GGTTTCTGTC
A.0505,GCATCCTTCG
A.0506,CTATTCCTCT
A.0507,CTAATACAGC
A.0508,TGCAAAAAGG
A.0509,CGACCTGCTA
A.0510,ATAGCCTATT
A.0511,AGATTACCCT
A.0512,ATAGGGTCGC
A.0513,TGCAGTCTTT
A.0514,TAGCTCTATA
A.0515,AATAATCTTG
A.0516,CCACATACCG
A.0517,CTTAGATCAC
A.0518,CTCATCACAG
A.0519,GGAGGCTATA
A.0520,GAAGGAGAAC
A.0521,CTCTCGTACT
A.0522,GGGAAAGATA
A.0523,AAAGATGCAT
A.0524,TTTACAGAGG
A.0525,ACTCTTAGTC
A.0526,GTATCGGTTC
A.0527,AACACATCAC
A.0528,GAACTTCGCC
A.0529,GCGCGAAAGC
A.0530,CACGTCAGGA
A.0531,GTGCGGTAAC
A.0532,AACCCAGAGC
A.0533,GGGGTGCTGC
A.0534,CCAAGTACTT
A.0535,GTGTATAGAT
A.0536,ACTTGGTGAT
A.0537,CTGCTGGCCG
A.0538,AGCATTCTAG
A.0539,CCACCGGGGA
A.0540,CTACTTGACC
A.0541,AATGTGCTAG
A.0542,GAGTTGGCCT
A.0543,ACTACGAGGT
A.0544,CTGGATAAGC
A.0545,AACTCTTCCA
A.0546,CCGCACCCAG
A.0547,CAAATATGCG
A.0548,GAGACACGGA
A.0549,TAAAGCAGCA
A.0550,CAATACCATG
A.0551,ACTGGCTTAG
A.0552,CACGCCCCGC
A.0553,TTTGATCCCA
A.0554,ACTTGCGGCT
A.0555,ATCTGAGTAT
A.0556,CTTCTGACGC
A.0557,AGCACTTTAA
A.0558,TGCCACTCCG
A.0559,CGGCAACGAC
A.0560,TAAAAAACAT
A.0561,TCATGGGTGT
A.0562,CTACTACTTC
A.0563,CTTCTAGGCT
A.0564,TACAGCTTGC
A.0565,CGGTTGCACG
A.0566,GGCTTACAGC
A.0567,TTGGCTACCG
A.0568,TGAGACAGGA
A.0569,GCGTTCCGGC
A.0570,TAGACGACCT
A.0571,CCAGAGGGTG
A.0572,CGCTTGGCTT
A.0573,AGTAAGACCG
A.0574,CAAGATTTTT
A.0575,AGCTAGAGTG
A.0576,GTTATTCTGC
A.0577,ATGGTCGTGA
A.0578,ACTCGGATCA
A.0579,CGGACACCTG
A.0580,TTAGAGAGGC
A.0581,GGGGACAATA
A.0582,GTTGTGTAAC
A.0583,CTGCAATCGG
A.0584,CACTTACGGT
A.0585,GTAAATCGCA
A.0586,TCCTCGTGTT
A.0587,TGCCGATCTA
A.0588,TACATCCACG
A.0589,TAGGCCCAAG
A.0590,ACTTGACTGG
A.0591,GAGCAGGATT
A.0592,TGGCAAGACA
A.0593,TCATGAAGCA
A.0594,TGAAACCGTA
A.0595,ATACCTTTGG
A.0596,CACCGAAGAC
A.0597,AGCACAATTA
A.0598,TCTCATTACG
A.0599,CGAACATAAT
A.0600,TCACCCAACG
A.0601,TTCACCCCTA
A.0602,CTCAAACGCT
A.0603,GTGGGGCACA
A.0604,TACCATTAAT
A.0605,GCAGGCCCGG
A.0606,TCTTAGTCGG
A.0607,GTCCGATTCT
A.0608,ACCAAATCCG
A.0609,AAGGGACCGG
A.0610,TGGAATCTAT
A.0611,CGGGCCGTTC
A.0612,ATCATTGCTC
A.0613,CGTCCTCGTT
A.0614,TAAGATTAAG
A.0615,AATGGGCGCG
A.0616,GAAGCCCGTC
A.0617,GTGGCCAAGG
A.0618,TTACAGGGAT
A.0619,TGACGAGCTT
A.0620,TGGTTCCCTT
A.0621,GAAATATTCC
A.0622,TGTACCGAAT
A.0623,CACCCGGCCA
A.0624,TAACGTCGAA
A.0625,CAGCCGCTGG
A.0626,GTCCGAATGG
A.0627,TGGAATACCT
A.0628,GAGGGTGGAG
A.0629,TAACGGATCT
A.0630,CCCTGCCACT
A.0631,GCTCGCCGTG
A.0632,CAAATCATGA
A.0633,GCCAGGTATG
A.0634,CAGTCGTAGT
A.0635,GAGGGATCAC
A.0636,CTCCAAGGAA
A.0637,GATGAGATAC
A.0638,TGTTTGAGAG
A.0639,CGACACGTAG
A.0640,CGCCTGGGCA
A.0641,TATGCTAGCC
A.0642,GTTAGTCCAA
A.0643,GACGTTTCGG
A.0644,CAGAGAGACA
A.0645,CTCGGTAGTG
A.0646,GCCAGTCTCC
A.0647,GATGACGGAA
A.0648,GCGAAGACAG
A.0649,GGTCAAATGT
A.0650,GAACCGAGCC
A.0651,CGTTGCGAGC
A.0652,GACCTCTTTT
A.0653,CTCGCGAATC
A.0654,CTGGCTACAT
A.0655,GGCGCTTCGT
A.0656,GCAGAAAAGG
A.0657,TTACCGTCTG
A.0658,CCATAGCCAA
A.0659,TCAGTTCGTT
A.0660,CGCAAGCGTT
A.0661,GTACATGCTC
A.0662,GATGATCTAA
A.0663,TGGCATTTCA
A.0664,GGCAAACACG
A.0665,AGAGAACCGC
A.0666,GCACACCTAT
A.0667,ACCGTGTGCT
A.0668,CGGATTTTTT
A.0669,TCATTTGACA
A.0670,CAATGGAAAG
A.0671,CATGAGTATT
A.0672,TGAAGTTGGG
A.0673,GCGGGACGGA
A.0674,AAGGTCAGTT
A.0675,CAGCCATTTG
A.0676,TATGTTGAAA
A.0677,CCAATTCATG
A.0678,CGGTTTCTTC
A.0679,TCAGTGATGC
A.0680,TCGGAGCACT
A.0681,AAACTGACAA
A.0682,TTACATAAGT
A.0683,AGAGCTTCGG
A.0684,GTACGGCCTT
A.0685,GTACGTACTA
A.0686,GTACCGGCGA
A.0687,TCACAAGAAA
A.0688,AGGATTCCCG
A.0689,AGACATGATC
A.0690,CTTCATCGGG
A.0691,TGTACTGGAA
A.0692,AGACTTTTCG
A.0693,GTCGATCTCA
A.0694,GCGAATGGCA
A.0695,ACTTATCTTC
A.0696,TACCGACCCC
A.0697,ACGGTTGTTT
A.0698,TGGATCGTCG
A.0699,CTTTGCACCT
A.0700,TTCGCGGCGC
A.0701,CTGTAATATG
A.0702,CACTAAGCGG
A.0703,GGATGATAAA
A.0704,TTCATATACT
A.0705,GTCTCTTATA
A.0706,GACTTGGGGG
A.0707,GCCGGCGACC
A.0708,CTAAATTCCC
A.0709,CTTCGTTCAG
A.0710,GTTGGAATGT
A.0711,GTTTCGCCCG
A.0712,CGTGCGATTA
A.0713,CCGAAACTGT
A.0714,CACTGGCTGT
A.0715,ACCCTAAAAT
A.0716,ATGCCGGATT
A.0717,GGCCGCTGTA
A.0718,GCCGATCAAC
A.0719,ATGTGCTTAC
A.0720,GTAACCCACG
A.0721,GACATGGCGT
A.0722,ACACGGCGCA
A.0723,AGTGTGAGCC
A.0724,GATAAAAAGC
A.0725,TAGTTCAGAT
A.0726,ACTAGATAAG
A.0727,TCAATCAAAG
A.0728,CCGCGTGAGG
A.0729,ACTAAAATAT
A.0730,GTCTTACTAA
A.0731,AACCGACAAT
A.0732,CCATTATTCT
A.0733,ATCGAACTGT
A.0734,GGAGCGTTGT
A.0735,CAGATGCTAA
A.0736,TGTTCCTGGC
A.0737,TTGTCTCCTC
A.0738,GAAAGCGCTC
A.0739,AGCAGCCGGA
A.0740,GACTACACAT
A.0741,CTCTTCTGTT
A.0742,GGTTATGATC
A.0743,CGCAGAATTG
A.0744,CATCGCCCTG
A.0745,TAGTCCTCCA
A.0746,CGGCCGCCCT
A.0747,CGCAGCACAT
A.0748,AATGGACTAA
A.0749,CTTATTTCAA
A.0750,CGTGATGGCC
A.0751,CACCGGTAGA
A.0752,GCGTTACCAT
A.0753,CAGAATTCAG
A.0754,GAAGGGACTT
A.0755,AGTCTAAATA
A.0756,CAACTCAGGC
A.0757,GCTTCTATAC
A.0758,CCCTACTCGA
A.0759,ATTTACCAGT
A.0760,GACGAGCTTT
A.0761,CATTGCGGAT
A.0762,GCCGGGCTGA
A.0763,ATGCTACCAT
A.0764,GTCCATCGGA
A.0765,CCCTTTAGAA
A.0766,ACGTCAAGAT
A.0767,GGCGCCGTGC
A.0768,TTGATGCCTG
A.0769,ACCGCGGTGG
A.0770,GTCTCCGAAC
A.0771,TCTCGCGACT
A.0772,ACCCGGACTT
A.0773,GGCGTGCTAT
A.0774,CGTCCCAGAT
A.0775,AGGGACTTTG
A.0776,TAGTGGTGGC
A.0777,ACTAAAGGCC
A.0778,TATATATTAA
A.0779,GTCGGAACAT
A.0780,TTCTCACAAT
A.0781,AACAGCAGCG
A.0782,CCGTTGCGCC
A.0783,TGCGAGATTG
A.0784,CCGGCGTTGG
A.0785,CTTGTACCCT
A.0786,GAGGCTTTTC
A.0787,AGGCGGAATT
A.0788,CCTATTATTC
A.0789,CTGCCGCAAT
A.0790,TACCCCGGTA
A.0791,CATGCGTCAG
A.0792,AGAAATAGCA
A.0793,GGGGTGGAAA
A.0794,CGATACTAAT
A.0795,CGCGTCCTCT
A.0796,GCGCTACCCG
A.0797,GTCACTCCCT
A.0798,CCGTGTCTGG
A.0799,GTGTTCGCTG
A.0800,ATCGATATTA
A.0801,TAGGTTCATC
A.0802,CGAATGTAAG
A.0803,TCAACGCCTC
A.0804,TAACCCCTTA
A.0805,CGACAATAGC
A.0806,TGTTGACTCT
A.0807,TTGGGGACGC
A.0808,CCGAGCGGTA
A.0809,TATGGTGTCG
A.0810,GTTTCTGCGG
A.0811,AATATAAACA
A.0812,GCCAAGCGCA
A.0813,GATAGACTTT
A.0814,TATCCGCATC
A.0815,AACATGAAAA
A.0816,GCCGTTCTAG
A.0817,TCTATGCAGC
A.0818,CATCCACAAG
A.0819,GACACAGCAG
A.0820,GTTATGCTAT
A.0821,GACTAGCGGC
A.0822,CGATGGGGAG
A.0823,GACACTTTTT
A.0824,GGTCACAGAG
A.0825,GTAGTGTTTC
A.0826,ACGCATAGCA
A.0827,GGCCCCTGAT
A.0828,TATCACCTCG
A.0829,GCGGAGACCC
A.0830,CCGCACGTAC
A.0831,CGGCCTAAAC
A.0832,TGCCTGCCCG
A.0833,GTTCTCACAT
A.0834,TGGGTACTGA
A.0835,CGTTCTGACA
A.0836,GTTTGGCCAT
A.0837,TCCGGGATAC
A.0838,TGGTCTTGGA
A.0839,TAACTATCAC
A.0840,CAGCTGGAAG
A.0841,TGTTGATGGG
A.0842,CCAGGTCCTA
A.0843,CCTAGCCGGA
A.0844,TGTCTCGTGG
A.0845,AGCCCCCGCC
A.0846,ATCTTCTATC
A.0847,TTAAGGTTGC
A.0848,AGACGCATTC
A.0849,AGCCGCCGAT
A.0850,TATCTAGACT
A.0851,TTAGGTTTAT
A.0852,TCATCAAACC
A.0853,TGTTGGCATG
A.0854,TCCGTACGAG
A.0855,CGTGTTCGGA
A.0856,TGCGGGGACG
A.0857,CGGGGTTGGA
A.0858,CTCTGAAATT
A.0859,TCATCTGGTT
A.0860,TTGTCATGCT
A.0861,CCCCTGTAGC
A.0862,GCATACTGCA
A.0863,ACTTGTAGCG
A.0864,CATTGGGTGC
A.0865,TTCAAGGAAC
A.0866,CGAAATCCCA
A.0867,CGAGCGATAG
A.0868,CATTTCTACT
A.0869,AGTGTGTCCT
A.0870,CGTACTACGC
A.0871,GAAAGTACCC
A.0872,CCATCCTTTT
A.0873,CGGTCAATGG
A.0874,TGACTGCTTC
A.0875,TCATGCTCCT
A.0876,CCTACGTGCT
A.0877,ACTTTCCTGC
A.0878,TAGGATACTT
A.0879,ATACACGGGC
A.0880,GGGGACTACC
A.0881,GGCGGTACGC
A.0882,AAGGTGCGTA
A.0883,CAAGCGACCA
A.0884,AACACCGCTG
A.0885,AGGATCTCTT
A.0886,GCTTCGGGAA
A.0887,GGCTAGGGCA
A.0888,CTTGCCGGCC
A.0889,AGGAATCGAG
A.0890,AGTAGGCATA
A.0891,TCGTTCTTTC
A.0892,AAAGAGATAT
A.0893,ATTCACGCAT
A.0894,CGGAACGTGA
A.0895,AGGTAATTGA
A.0896,ATCAACATCG
A.0897,TTTCCGGCCG
A.0898,CAGGAATTGT
A.0899,GTCGTGCCGT
A.0900,ACCCAGGCCC
A.0901,ATGGCTCGAA
A.0902,GCCCGTGCGG
A.0903,TTTGCAAAAC
A.0904,CCTTATGCAA
A.0905,TCTTTGGGAC
A.0906,AAGGCAAAGA
A.0907,GCTTGCGTCA
A.0908,CACTTGAAAT
A.0909,TTGGACGATT
A.0910,CCTAACCCTT
A.0911,CTACATTACG
A.0912,CCACACAATC
A.0913,GCGCTTAGCC
A.0914,GCACCTCGCG
A.0915,CCCCCACGCC
A.0916,GCGAAGCGTT
A.0917,AAACAGAAGA
A.0918,CATAGTGACC
A.0919,GGAGTTGTTA
A.0920,CGGAGGTATT
A.0921,CAGCTAGGTA
A.0922,GCTCCGCTTG
A.0923,AGGGTTTGGG
A.0924,TTGGAAATCC
A.0925,ATGGGGCGAT
A.0926,ATGAACCTGC
A.0927,CACGAACGCA
A.0928,AGGACCATCT
A.0929,TGGGTCAGGC
A.0930,CTCGGTTCGC
A.0931,GTTGGGCTCG
A.0932,CACAGTTAAG
A.0933,GTGGTTGCAC
A.0934,CGTTTTTCCC
A.0935,ATTATCGTTG
A.0936,CATGCCGCCG
A.0937,GACCCGCGCT
A.0938,TTCTTCTAAT
A.0939,TAGCTGCGTG
A.0940,CCCTAGCGAT
A.0941,AATCAGCCGA
A.0942,TCGCGGTTGT
A.0943,CCCCTCAGAG
A.0944,CATGCCGCCG
A.0945,TGCCCTACAA
A.0946,TCATGTCGAT
A.0947,TTGCTGAGCA
A.0948,ATCACTTAAG
A.0949,ATTCTACGTC
A.0950,CTCTTCCCCA
A.0951,GATATCATGG
A.0952,AGTTCCAGTT
A.0953,CCATATAGGA
A.0954,GGGGGTATGG
A.0955,ACAATCGTCA
A.0956,TCCAGCAGGC
A.0957,ATCTGCGCCT
A.0958,CTATGGACCG
A.0959,TCCTATCGTC
A.0960,TTGAAGCTTT
A.0961,TGCAACACTA
A.0962,CCTTAGTTAG
A.0963,GGCCGTAGAC
A.0964,GGTCCGTTAA
A.0965,TAGGCGATTT
A.0966,CAAACATCCA
A.0967,AGCTACCGGT
A.0968,GACGGCTAAC
A.0969,GGAAGCTGCC
A.0970,ACAGTTTTCT
A.0971,GGGGTAGGTC
A.0972,GTTGTTGCCT
A.0973,GGCCATGTCT
A.0974,CACGCGCGGG
A.0975,AGGCGTGACG
A.0976,ATTTCGTTAT
A.0977,ATGGGGGCTG
A.0978,TTAACGTGGT
A.0979,CTTGTCACAA
A.0980,CATAGCTAGG
A.0981,GGCCCACGCA
A.0982,CTGGATTGCG
A.0983,CCACACCGTA
A.0984,TCTACGTCCG
A.0985,TTGCCTGGCC
A.0986,GACGACTCCC
A.0987,AGAAGAGTAA
A.0988,CCGTCATAGG
A.0989,GAGTGTAACG
A.0990,AGACCCCATT
A.0991,GGTTTGGTCC
A.0992,TTTGCTGACG
A.0993,AAAGTGTAAG
A.0994,GGGCTCCTGG
A.0995,CCGTCCCAAG
A.0996,GTGGACTTGG
A.0997,CCGGCGATTC
A.0998,AAGCTCCCGC
A.0999,TGAATCAACT
A.1000,GCCAACCTTG
A.1001,CTAGTGCAAG
A.1002,ACGGGGGTCC
A.1003,GAACCTAATC
A.1004,ACTGCAGACC
A.1005,TAGTTGTCAA
A.1006,TGAGGGGTTC
A.1007,CGATAAGTCT
A.1008,TTATCACTTT
A.1009,AGGAAGGCTT
A.1010,CTTAGACCGA
A.1011,ATAAACACTT
A.1012,TGAATTCCAC
A.1013,ATCTTGCTGT
A.1014,TCGTCGTGAA
A.1015,TTACGCACAC
A.1016,GCCTCGGTAT
A.1017,TAACCCGCTC
A.1018,AAATCTTTTC
A.1019,ACGGACTGAA
A.1020,GTGGCACATG
A.1021,GTTCCATCCT
A.1022,GACCGCAGGG
C.0147,TCAAATATCG
C.0148,AGCATATTGG
C.0149,AGAGACAACG
C.0150,GAACCGCTAT
C.0151,GGGCTTGCGG
C.0152,CCTGGGAGGC
C.0153,TGCGGCGATT
C.0154,GCATGAAGTT
C.0155,ATTAGCCGAC
C.0156,CCATATCTAG
C.0157,AAGAACCCGT
C.0158,TATTGGCCCT
C.0159,GCAGCTGTTT
C.0160,GGATCAACGT
C.0161,CTACACTCAG
C.0162,TCCTTCACAC
C.0163,ACCTACGACT
C.0164,ATGGGAGACA
C.0165,CTAATGACGT
C.0166,GGTGACGCAT
C.0167,CGGCGGGTGT
C.0168,TTTCATTTTT
C.0169,GTTTTTTTCC
C.0170,CTGTCTGACC
C.0171,AAAACCCAGC
C.0172,CACCTGCATA
C.0173,TATAACAATC
C.0174,GCGGCATGCA
C.0175,TCTCAGTGAG
C.0176,GAAGGGTAGT
C.0177,TGTGTCATCT
C.0178,GGTAGTGTAC
C.0179,GCTACCCCCA
C.0180,TAGTTTTAGA
C.0181,ATTTTTTTTG
C.0182,AACTTTTGCC
C.0183,GACGCAGGCA
C.0184,CCCCGTATTT
C.0185,TATAAGGTAG
C.0186,TTGATTGTTT
C.0187,TGACGATAAT
C.0188,AAGATTTCAC
C.0189,GCCCGAGAAT
C.0190,CTCAAGACCC
C.0191,CACGGAAGGG
C.0192,CTTCGCGCGC
C.0193,TATACGCGTG
C.0194,TATCATCGCA
C.0195,TCACCAGTCG
C.0196,AATCATACTG
C.0197,TCGCAGATGA
C.0198,ACCTCAATGT
C.0199,CCGGGCCTGA
C.0200,GCGTGATAAG
C.0201,TCACGCCGCG
C.0202,GATCGCACCG
C.0203,CCATAGTGGT
C.0204,AGTCCCGGGC
C.0205,TTCTTTTTCG
C.0206,CGTAACTCAG
C.0207,CACGTAATAT
C.0208,GCCCAATAGC
C.0209,GATTCGTATT
C.0210,CCGCCATTAT
C.0211,TGGCCAATGC
C.0212,CTCCCAATAC
C.0213,GCTCTACAGG
C.0214,GATCCTGCCT
C.0215,CTGATAGGAT
C.0216,TGGCAGGTAG
C.0217,TTGTGCTGTA
C.0218,AACGGCACCT
C.0219,AACGGGCCTG
C.0220,CCTACACATC
C.0221,CCTAGGTGTG
C.0222,TTACCGGTTA
C.0223,CCAACACCCT
C.0224,ATCCACAGTG
C.0225,ATAAACCTTA
C.0226,AGTTTCAGAA
C.0227,GCGACCCTCT
C.0228,CAAGCTTTCC
C.0229,GCGAACGGAT
C.0230,GTCGGTTGAC
C.0231,ATCAACGGAC
C.0232,GTTCTTTTAA
C.0233,GGACAGAGAT
C.0234,ACCGACCGGC
C.0235,TAGAACTACT
C.0236,TCCCGCCAAG
C.0237,AATACAGTAA
C.0238,ACAGGAGGCG
C.0239,TCGTAAGGTA
C.0240,TTCGTGCGTA
C.0241,GCATTCATTT
C.0242,GGAAGGGACG
C.0243,CCATTTTGCC
C.0244,CGCGCCAGCG
C.0245,TATTATTGCG
C.0246,TGAGGTCCGG
C.0247,CGGTACCCCG
C.0248,ATGGTGTGGA
C.0249,CTCAAATACC
C.0250,GAGACCAGCC
C.0251,TAGCCTATCA
C.0252,CAGACCCATA
C.0253,GGACTGACAC
C.0254,ACCTATGGTT
C.0255,TTAGACCTGT
C.0256,CCTGGGAGGC
C.0257,CTACACTCAG
C.0258,CTAATGACGT
C.0259,GTTTTTTTCC
C.0260,CTGTCTGACC
C.0261,TCTCAGTGAG
C.0262,TAGTTTTAGA
C.0263,TATAAGGTAG
C.0264,CTCAAGACCC
C.0265,TATACGCGTG
C.0266,TATCATCGCA
C.0267,CCGATGTCCG
C.0268,TCTGATGGGG
C.0269,GTCGTCCACG
C.0270,AAATGTGATT
C.0271,GAGGAGCGCT
C.0272,GCAGGTGCCT
C.0273,TGGACATTAT
C.0274,CGGGGTGATG
C.0275,GATCTCCAAT
C.0276,TAGTCTCCAT
C.0277,TACTCGCACA
C.0278,ACGGTATTGG
C.0279,ATATGCGCAG
C.0280,AGAAACCTGT
C.0281,CGTGAGACAT
C.0282,AGACGACGAC
C.0283,TGCCGGTACC
C.0284,GGTTGCACTA
C.0285,AGGTAGAAAG
D.0001,CCTGGGAGGC
D.0002,ATGTGGGGGT
D.0003,GACCCGTCAC
D.0004,GCTACTTAGC
D.0005,ATCCTGAGAC
D.0006,TAAATTTTCT
D.0007,AAGGAAGCTC
D.0008,CTGGGACGAC
D.0009,TCTGTCCTGG
D.0010,TGGAGCCCAG
D.0011,ATCGTGGGCC
D.0012,GAGCGATTGC
D.0013,AAAAATGCCA
D.0014,TGGGTTTCAT
D.0015,ATTGTGCCCA
D.0016,TCCCTCTTGA
D.0017,CAAAATAGGC
D.0018,CTCCACTCTT
D.0019,AGGTCTAATA
D.0020,TGTCAAGTCC
D.0021,CGTGGGAACC
D.0022,ACAGCACACA
D.0023,GACTTAGTTC
D.0024,CATGAGGGAT
D.0025,TCTGGTCAAA
D.0026,CTTAAAACCA
D.0027,GACGGTTATA
D.0028,CACACCCCAA
D.0029,TACTGTCAGG
D.0030,AGGCGAAGAA
D.0031,CCATTACGGA
D.0032,CCCGTAGATC
D.0033,TGTGGAGGAA
D.0034,TCACTGTACA
D.0035,TCGTAGTACG
D.0036,TAACATCACG
D.0037,GGAGCCCAAA
D.0038,TGGAAGACAA
D.0039,ACGTGATCTT
D.0040,GTTAGCAAGT
D.0041,CCTTCTACTG
D.0042,TTAGGACGCT
D.0043,TAGCGTTGGA
D.0044,GGCGTAGACC
D.0045,CATGCTAATA
D.0046,CGTGCCACGT
D.0047,CGGGTTTCCA
D.0048,GTATCCGTGG
D.0049,TTCTTAATTA
D.0050,ATCCAATCGT
D.0051,TCCGCCGTAG
D.0052,GTGTCGTACA
D.0053,ACATCATGGA
D.0054,TACGTCCGTG
D.0055,GCATCTGGCA
D.0056,TGTTTAACCA
D.0057,TTGTTTTATG
D.0058,TGTTTCATAC
D.0059,CGCAGTGAGC
D.0060,CGTTCACCGG
D.0061,CGAATAGTAT
D.0062,GTTCGAATCC
D.0063,TAACACATGA
D.0064,ACCGTCAAAC
D.0065,AACGCTCTCA
D.0066,GTGATTTAAG
D.0067,GTCGGTAATT
D.0068,AGCGGAAGCC
D.0069,GTATTTACTT
D.0070,GCAGCAAATT
D.0071,CTCCTGTCTC
D.0072,GGCAACCCAA
D.0073,CCAGCGTTAA
D.0074,AAGGCGTGGC
D.0075,CATCATATTC
D.0076,TTCCAAGTAT
D.0077,CCCCTATGAT
D.0078,AGTTCCAAGC
D.0079,CCTGCCGATG
D.0080,CCCACAGAGT
D.0081,GGTAAAAACA
D.0082,CAACAATGAG
D.0083,TACCTAACTG
D.0084,CACCGTTACT
D.0085,CGAAACAGCC
D.0086,CCAACCTTGG
D.0087,GGGGGCTGCT
D.0088,GACGTTGCTA
D.0089,AGATCTTATG
D.0090,GCTTAGGTGA
D.0091,TGAGTAACGG
D.0092,AGCGACGGTA
D.0093,TGGAACTTAG
D.0094,ACCAGTGTTA
D.0095,TTTGGTGCTG
D.0096,AACCTGTCTA
D.0097,CAACTTAACG
D.0098,CTACTCACTC
D.0099,CGAATTAGAA
D.0100,TGGCCGCTAC
D.0101,CTACGACATT
D.0102,TACGGGATTA
D.0103,CTGGTGAGTG
D.0104,CATAAACTGG
D.0105,AAAAGGTGGC
D.0106,ATCGGTAGCA
D.0107,TCACTGGCCT
D.0108,TCAGGGAACG
D.0109,TGAACTCCTA
D.0110,ACCACCCGGG
D.0111,CAGAGTACAA
D.0112,TTAAAAGGGG
D.0113,CTATGCTAGC
F.0267,CACATTTCCT
F.0268,CAATACCTCA
F.0269,TCTGCAACAA
F.0270,CCAGGTATCG
F.0271,CGATTGAAAC
F.0272,GTATCACCAA
F.0273,GGCTTGTTTC
F.0274,TTAGATTCCG
F.0275,CCTTTTAACC
F.0276,TGGCGTACCC
F.0277,ATAGCGGGCA
F.0278,TTACTAACAA
F.0279,CATTTAGACA
F.0280,AGACGTTAGG
F.0281,ATACAACAAG
F.0282,TGGGCGGCCC
F.0283,TCACAGCTAC
F.0284,CCGATCTCGC
F.0285,GTCGGCGTCT
F.0286,AGTCTTCGTG
F.0287,AATGCACAGC
F.0288,TTCCCACTAG
F.0289,AACATCTGAC
F.0290,AACCCGAGAT
F.0291,ACGCCGGCCA
F.0292,TGTGTTGCAG
F.0293,TTTTACAGTG
F.0294,CACTCAATTT
F.0295,ATGATAACCG
F.0296,TGTGGTAGGA
F.0297,GTGAGTGAGG
F.0298,AGGTACACAT
F.0299,GAAGAGTCCA
F.0300,TCCGTACCGT
F.0301,AGTATCTGGT
F.0302,CGGAAAGTAG
F.0303,TTATAGGCGT
F.0304,ACGTGCAGTG
F.0305,TACAGGCAGT
F.0306,AGGAGATTTT
F.0307,AAAGGGCACA
F.0308,CCACTCCCTG
F.0309,AAAATAGTGT
F.0310,CTGTCTCCAG
F.0311,TTCTAACCAG
F.0312,TGATGCGACT
F.0313,AGTATACTGT
F.0314,GAATAACTAA
F.0315,GTCGCGCTAC
F.0316,ATTAGCTGCA
F.0317,CGCTCTTAGC
F.0318,GATATAAGAG
F.0319,GGCCTTAATT
F.0320,TGCGATAAAA
F.0321,CATGCATCCC
F.0322,ATTCGCAGCT
F.0323,GCAACAGGCT
F.0324,GAGTAGGGTA
F.0325,GCGATCACTC
F.0326,CCCCTATTCA
F.0327,GTGCACACGT
F.0328,TATTGCAGCT
F.0329,GGTGATCCCC
F.0330,CAGGGGTGTG
F.0331,CCAGGGTCTG
F.0332,AGCCCCATAG
F.0333,ATACCGTGAA
F.0334,AAGCCGCCAG
F.0335,CGGCGGTTAC
F.0336,CATATGGGGG
F.0337,TGCTGTGGGT
F.0338,ATTGGAGGAT
F.0339,GCCTTATCAC
F.0340,CTCTCCTTGT
F.0341,TGATAAGGGT
F.0342,CGCAACCTGG
F.0343,ATCCGGGGTG
F.0344,ATATTACTGG
F.0345,GGCTCCATCC
F.0346,TTCATAGCTT
F.0347,TTCGTAACAG
F.0348,TACAGTGAAA
F.0349,GCTGGCATTA
F.0350,GAGAGGGTCA
F.0351,TTAAACTGAC
F.0352,TTACGGCCAG
F.0353,CGCAAAATCA
F.0354,GCATGTGTCG
F.0355,CTGCGTATGG
F.0356,CTCAAATTTA
F.0357,TTGAGGGAGC
F.0358,AAGCTTTACC
F.0359,TAACTTCAGT
F.0360,AAAGGTGTTA
F.0361,TGTCGGGCAC
F.0362,CAGCGGGATC
F.0363,GCCCAGAGAC
F.0364,GAGCTACCTT
F.0365,CTGTTCGCCC
F.0366,TGTGAGTATG
F.0367,TCTACGGGAG
F.0368,ACCAAGTGGC
F.0369,TAATCATATG
F.0370,CATGATGCTT
F.0371,AAGCGTGCGT
F.0372,ATGATCATTT
F.0373,GAACTTGACT
F.0374,CGCTGTAAAA
F.0375,AGAGCGACGC
F.0376,ATCAAGGCAA
F.0377,TTGCATGGGG
F.0378,AAGGGCTTGG
F.0379,ACGACGGTCG
F.0380,CGGGCTAGGG
F.0381,ACAGCTGCGC
F.0382,CTACGCATTT
F.0383,CCTCTGACCA
F.0384,GTATGTTTCA
F.0385,TACTCCATAT
F.0386,AGAGCTAGCG
F.0387,ACCACGAGTG
F.0388,GCATTTAAAA
F.0389,TGCCGCGACA
F.0390,TGTATACGGC
F.0391,ATGGTGCATC
F.0392,AAATTTCAAA
F.0393,ACAACGTAGA
F.0394,TGTCACGAAA
F.0395,CCGTGCCCAC
F.0396,GTTATCACTG
F.0397,CTCGTTGGAC
F.0398,GCCCCCCGTA
F.0399,GCTCGATTTC
F.0400,GAACGGTGCT
F.0401,GCTTTGAGGT
F.0402,GACCGTGGGC
F.0403,TGGGGTGTGC
F.0404,TATCCTTCGG
F.0405,TTTCCACGGC
F.0406,AATTAAACTA
F.0407,CTCACAAATA
F.0408,TTAGCGCTGC
F.0409,GTGCGTCCAC
F.0410,CAGTCCCGGT
F.0411,GAATTAGTCA
F.0412,GATTCGTGAC
F.0413,GTCTTTCGCC
F.0414,CCGGATGTGA
F.0415,AATGGTGGAC
F.0416,GTAAAGCGTG
F.0417,CTACTGGCAA
F.0418,GCTGAATCCA
F.0419,ACAGCTCGAT
F.0420,CAGGCTGTTA
F.0421,TAATATCCGA
F.0422,GCAGCTCCGA
F.0423,TACCAATCGC
F.0424,CTTTGCAGAC
F.0425,TGGTTATACC
F.0426,TGAGTGAGAC
F.0427,GGGGAATCGG
F.0428,ACCAAAGTAA
F.0429,TTCCTTAATG
F.0430,TTCTGTTAAG
F.0431,AGCGAATGAC
F.0432,CTAACATCTG
F.0433,TTATCGCGCG
F.0434,GAGGACGATG
F.0435,TACTCATTAG
F.0436,CTGCCATTGC
F.0437,ATATGGCATG
F.0438,AGATTCACTG
F.0439,TATCCGAGGT
F.0440,GTCCCGTTGT
F.0441,TGCGGCAGGG
F.0442,CACACTACCC
F.0443,AGGCTCGGGT
F.0444,GTCCCAGCTT
F.0445,GAGGCGAAAC
F.0446,GATCACAGGT
F.0447,AGCTAAGTAG
F.0448,GTTACCCCAG
F.0449,AATGGGCTTC
F.0450,CTCAGGAAAA
F.0451,CCCCCGAACT
F.0452,GTGAAACAGA
F.0453,GCCGGCGGAA
F.0454,TCGGGTTACT
F.0455,CATGTCCACA
F.0456,GTATCCGGTA
F.0457,AACGTAGTTG
F.0458,AAGGAGGCCG
F.0459,TCCTTGCATA
F.0460,TAGCCGGTTC
F.0461,TCAGGCGGGT
F.0462,CTGGAGAACG
F.0463,CGCATTATCG
F.0464,GATTCATAAA
F.0465,CAACTTGGAG
F.0466,GGCATAGGTG
F.0467,CATGATTAGC
F.0468,CAATCATCAC
F.0469,ACGGGCCCAG
F.0470,CGCTGAAGCT
F.0471,CGTTGGAGCA
F.0472,ATACAAGTAA
F.0473,CTTCAGACTG
F.0474,CCTGGGAGGC
F.0475,ATCTGTTTTA
F.0476,TACGTAGGAT
F.0477,CGACTACTCG
F.0478,CGGCTGACAT
F.0479,TCCCTGCTCT
F.0480,ATAACTCCGA
F.0481,GACTGGGACG
F.0482,GCAAGACAGG
F.0483,ACCAGTCGCA
F.0484,GCCGATACAG
F.0485,TTGAATTATA
F.0486,GATTGACACC
F.0487,GTACACCTGC
F.0488,ACTTGGATTC
F.0489,TACCGAAAGA
F.0490,TCCGTTCAGG
F.0491,GTAATACTTA
F.0492,TGCTACGCCA
F.0493,TGTAGCGCGA
F.0494,GAACTCGCTT
F.0495,CATCTTAAGA
F.0496,TGCGGGCTAG
F.0497,CTCACCCTTG
F.0498,AAAAGTAAAC
F.0499,GCTCGATAGA
F.0500,CCACCCAGCC
F.0501,CACTCATTCC
F.0502,AAGCATCAGT
F.0503,GCAAAGACCT
F.0504,TCGGACCTGC
F.0505,CTGGGGAAAT
F.0506,ACGCCAGGCC
F.0507,CTGAGGGCCT
F.0508,ATGACGAGGC
F.0509,CCCGGGCCCT
F.0510,ACCAATGGCG
F.0511,ACGTGGAACG
F.0512,ATCTTGAACT
F.0513,GTCGTACGGA
F.0514,TTCAGAGGGC
F.0515,TTCCGGGTGC
F.0516,AACTAACGAG
F.0517,ACCGAAGTCG
F.0518,GCCGAAGCAA
F.0519,GAATGTCGTT
F.0520,TTCGGGCCCC
F.0521,GTCCAGAAGA
F.0522,TGGTAATTCG
F.0523,CTAGTCTACA
F.0524,CGAGTACCAT
F.0525,ACAACGGCAC
F.0526,CCACGGACAA
F.0527,GTACCAAAAA
F.0528,CGTGATTGTA
F.0529,GCTGTACACC
F.0530,CAACAGTTCA
F.0531,TGCTACGCCA
F.0532,GAGATCCAAC
G.0011,CACATTTCCT
G.0012,TTCTGTGCTC
G.0013,GTTTTATTTT
G.0014,AATGATAAGA
G.0015,GTCTATGAGT
G.0016,GCTTGATTCT
G.0017,GCGTGCACGC
G.0018,TGCCTCCAGT
G.0019,CAGTGGTCTA
G.0020,TTTGGGTGTG
K.0001,TGGGGATGAC
K.0002,ATCCCATTAT
K.0003,ATCGTGATAT
K.0004,AAGCAACTGG
K.0005,ACTGACCTCT
K.0006,AACTCCAATT
K.0007,GCATAGCACG
K.0008,CTGAGCACGC
K.0009,CAACCTTTTA
K.0010,CTTGGTCGTT
K.0011,CGAATAGAGG
K.0012,GCTCATGAGT
K.0013,GCTCTGCCAA
K.0014,AGTTGGTGTA
K.0015,ACTGCGGGTA