unintegrated,AACCTGGCAAAATCGGTTACGGTTGAGTAATAAATGGATGCCCTGCGTAAGCGGGGCATTTTTCTTCCTGTTATG
int_RE_28,AACCTGGCAAAATCGGTTACGGTTGAGTAATAAATGGATGCCCTGCGTAAGCGGGGCATGTGGGCGGACAAAATA
int_RE_27,AACCTGGCAAAATCGGTTACGGTTGAGTAATAAATGGATGCCCTGCGTAAGCGGGGCTGTGGGCGGACAATAAAG
int_RE_26,AACCTGGCAAAATCGGTTACGGTTGAGTAATAAATGGATGCCCTGCGTAAGCGGGGTGTGGGCGGACAATAAAGT
int_RE_25,AACCTGGCAAAATCGGTTACGGTTGAGTAATAAATGGATGCCCTGCGTAAGCGGGTGTGGGCGGACAATAAAGTC
int_RE_24,AACCTGGCAAAATCGGTTACGGTTGAGTAATAAATGGATGCCCTGCGTAAGCGGTGTGGGCGGACAATAAAGTCT
int_RE_23,AACCTGGCAAAATCGGTTACGGTTGAGTAATAAATGGATGCCCTGCGTAAGCGTGTGGGCGGACAATAAAGTCTT
int_RE_22,AACCTGGCAAAATCGGTTACGGTTGAGTAATAAATGGATGCCCTGCGTAAGCTGTGGGCGGACAATAAAGTCTTA
int_RE_21,AACCTGGCAAAATCGGTTACGGTTGAGTAATAAATGGATGCCCTGCGTAAGTGTGGGCGGACAATAAAGTCTTAA
int_RE_20,AACCTGGCAAAATCGGTTACGGTTGAGTAATAAATGGATGCCCTGCGTAATGTGGGCGGACAATAAAGTCTTAAA
int_RE_19,AACCTGGCAAAATCGGTTACGGTTGAGTAATAAATGGATGCCCTGCGTATGTGGGCGGACAATAAAGTCTTAAAC
int_RE_18,AACCTGGCAAAATCGGTTACGGTTGAGTAATAAATGGATGCCCTGCGTTGTGGGCGGACAATAAAGTCTTAAACT
int_RE_17,AACCTGGCAAAATCGGTTACGGTTGAGTAATAAATGGATGCCCTGCGTGTGGGCGGACAATAAAGTCTTAAACTG
int_RE_16,AACCTGGCAAAATCGGTTACGGTTGAGTAATAAATGGATGCCCTGCTGTGGGCGGACAATAAAGTCTTAAACTGA
int_RE_15,AACCTGGCAAAATCGGTTACGGTTGAGTAATAAATGGATGCCCTGTGTGGGCGGACAATAAAGTCTTAAACTGAA
int_RE_14,AACCTGGCAAAATCGGTTACGGTTGAGTAATAAATGGATGCCCTTGTGGGCGGACAATAAAGTCTTAAACTGAAC
int_RE_13,AACCTGGCAAAATCGGTTACGGTTGAGTAATAAATGGATGCCCTGTGGGCGGACAATAAAGTCTTAAACTGAACA
int_RE_12,AACCTGGCAAAATCGGTTACGGTTGAGTAATAAATGGATGCCTGTGGGCGGACAATAAAGTCTTAAACTGAACAA
int_RE_11,AACCTGGCAAAATCGGTTACGGTTGAGTAATAAATGGATGCTGTGGGCGGACAATAAAGTCTTAAACTGAACAAA
int_RE_10,AACCTGGCAAAATCGGTTACGGTTGAGTAATAAATGGATGTGTGGGCGGACAATAAAGTCTTAAACTGAACAAAA
int_RE_9,AACCTGGCAAAATCGGTTACGGTTGAGTAATAAATGGATTGTGGGCGGACAATAAAGTCTTAAACTGAACAAAAT
int_RE_8,AACCTGGCAAAATCGGTTACGGTTGAGTAATAAATGGATGTGGGCGGACAATAAAGTCTTAAACTGAACAAAATA
int_RE_7,AACCTGGCAAAATCGGTTACGGTTGAGTAATAAATGGTGTGGGCGGACAATAAAGTCTTAAACTGAACAAAATAG
int_RE_6,AACCTGGCAAAATCGGTTACGGTTGAGTAATAAATGTGTGGGCGGACAATAAAGTCTTAAACTGAACAAAATAGA
int_RE_5,AACCTGGCAAAATCGGTTACGGTTGAGTAATAAATTGTGGGCGGACAATAAAGTCTTAAACTGAACAAAATAGAT
int_RE_4,AACCTGGCAAAATCGGTTACGGTTGAGTAATAAATGTGGGCGGACAATAAAGTCTTAAACTGAACAAAATAGATC
int_RE_3,AACCTGGCAAAATCGGTTACGGTTGAGTAATAATGTGGGCGGACAATAAAGTCTTAAACTGAACAAAATAGATCT
int_RE_2,AACCTGGCAAAATCGGTTACGGTTGAGTAATATGTGGGCGGACAATAAAGTCTTAAACTGAACAAAATAGATCTA
int_RE_1,AACCTGGCAAAATCGGTTACGGTTGAGTAATTGTGGGCGGACAATAAAGTCTTAAACTGAACAAAATAGATCTAA
int_RE_0,AACCTGGCAAAATCGGTTACGGTTGAGTAATGTGGGCGGACAATAAAGTCTTAAACTGAACAAAATAGATCTAAA
int_LE_28,AACCTGGCAAAATCGGTTACGGTTGAGTAATAAATGGATGCCCTGCGTAAGCGGGGCATGTGGGCGGACAAAATA
int_LE_27,AACCTGGCAAAATCGGTTACGGTTGAGTAATAAATGGATGCCCTGCGTAAGCGGGGCTGTGGGCGGACAAAATAG
int_LE_26,AACCTGGCAAAATCGGTTACGGTTGAGTAATAAATGGATGCCCTGCGTAAGCGGGGTGTGGGCGGACAAAATAGT
int_LE_25,AACCTGGCAAAATCGGTTACGGTTGAGTAATAAATGGATGCCCTGCGTAAGCGGGTGTGGGCGGACAAAATAGTT
int_LE_24,AACCTGGCAAAATCGGTTACGGTTGAGTAATAAATGGATGCCCTGCGTAAGCGGTGTGGGCGGACAAAATAGTTG
int_LE_23,AACCTGGCAAAATCGGTTACGGTTGAGTAATAAATGGATGCCCTGCGTAAGCGTGTGGGCGGACAAAATAGTTGG
int_LE_22,AACCTGGCAAAATCGGTTACGGTTGAGTAATAAATGGATGCCCTGCGTAAGCTGTGGGCGGACAAAATAGTTGGG
int_LE_21,AACCTGGCAAAATCGGTTACGGTTGAGTAATAAATGGATGCCCTGCGTAAGTGTGGGCGGACAAAATAGTTGGGA
int_LE_20,AACCTGGCAAAATCGGTTACGGTTGAGTAATAAATGGATGCCCTGCGTAATGTGGGCGGACAAAATAGTTGGGAA
int_LE_19,AACCTGGCAAAATCGGTTACGGTTGAGTAATAAATGGATGCCCTGCGTATGTGGGCGGACAAAATAGTTGGGAAC
int_LE_18,AACCTGGCAAAATCGGTTACGGTTGAGTAATAAATGGATGCCCTGCGTTGTGGGCGGACAAAATAGTTGGGAACT
int_LE_17,AACCTGGCAAAATCGGTTACGGTTGAGTAATAAATGGATGCCCTGCGTGTGGGCGGACAAAATAGTTGGGAACTG
int_LE_16,AACCTGGCAAAATCGGTTACGGTTGAGTAATAAATGGATGCCCTGCTGTGGGCGGACAAAATAGTTGGGAACTGG
int_LE_15,AACCTGGCAAAATCGGTTACGGTTGAGTAATAAATGGATGCCCTGTGTGGGCGGACAAAATAGTTGGGAACTGGG
int_LE_14,AACCTGGCAAAATCGGTTACGGTTGAGTAATAAATGGATGCCCTTGTGGGCGGACAAAATAGTTGGGAACTGGGA
int_LE_13,AACCTGGCAAAATCGGTTACGGTTGAGTAATAAATGGATGCCCTGTGGGCGGACAAAATAGTTGGGAACTGGGAG
int_LE_12,AACCTGGCAAAATCGGTTACGGTTGAGTAATAAATGGATGCCTGTGGGCGGACAAAATAGTTGGGAACTGGGAGG
int_LE_11,AACCTGGCAAAATCGGTTACGGTTGAGTAATAAATGGATGCTGTGGGCGGACAAAATAGTTGGGAACTGGGAGGG
int_LE_10,AACCTGGCAAAATCGGTTACGGTTGAGTAATAAATGGATGTGTGGGCGGACAAAATAGTTGGGAACTGGGAGGGG
int_LE_9,AACCTGGCAAAATCGGTTACGGTTGAGTAATAAATGGATTGTGGGCGGACAAAATAGTTGGGAACTGGGAGGGGT
int_LE_8,AACCTGGCAAAATCGGTTACGGTTGAGTAATAAATGGATGTGGGCGGACAAAATAGTTGGGAACTGGGAGGGGTG
int_LE_7,AACCTGGCAAAATCGGTTACGGTTGAGTAATAAATGGTGTGGGCGGACAAAATAGTTGGGAACTGGGAGGGGTGG
int_LE_6,AACCTGGCAAAATCGGTTACGGTTGAGTAATAAATGTGTGGGCGGACAAAATAGTTGGGAACTGGGAGGGGTGGA
int_LE_5,AACCTGGCAAAATCGGTTACGGTTGAGTAATAAATTGTGGGCGGACAAAATAGTTGGGAACTGGGAGGGGTGGAA
int_LE_4,AACCTGGCAAAATCGGTTACGGTTGAGTAATAAATGTGGGCGGACAAAATAGTTGGGAACTGGGAGGGGTGGAAA
int_LE_3,AACCTGGCAAAATCGGTTACGGTTGAGTAATAATGTGGGCGGACAAAATAGTTGGGAACTGGGAGGGGTGGAAAT
int_LE_2,AACCTGGCAAAATCGGTTACGGTTGAGTAATATGTGGGCGGACAAAATAGTTGGGAACTGGGAGGGGTGGAAATG
int_LE_1,AACCTGGCAAAATCGGTTACGGTTGAGTAATTGTGGGCGGACAAAATAGTTGGGAACTGGGAGGGGTGGAAATGG
int_LE_0,AACCTGGCAAAATCGGTTACGGTTGAGTAATGTGGGCGGACAAAATAGTTGGGAACTGGGAGGGGTGGAAATGGA